file,reason,word
about/statutes.qmd,Unknown word,"präregistrieren"
about/statutes.qmd,Unknown word,"Primärdaten"
about/statutes.qmd,Unknown word,"Replikationsstudien"
about/statutes.qmd,Unknown word,"Generalisierbarkeit"
about/statutes.qmd,Unknown word,"Infrastrukturanbietern"
events/events/2018-01-01-open-science-medical-science.qmd,Unknown word,"Löfflmann"
events/events/2018-12-05-responsibility-consequences.qmd,Unknown word,"mcshane"
events/events/2018-12-05-responsibility-consequences.qmd,Unknown word,"Irreproducible"
events/events/2018-12-05-responsibility-consequences.qmd,Unknown word,"irreproducible"
events/events/2018-12-05-responsibility-consequences.qmd,Unknown word,"Rahnenführer"
events/events/2019-01-25-open-social-science-conference.qmd,Forbidden word,"Centre"
events/events/2019-02-12-good-scientific-practices.qmd,Unknown word,"IMPRS"
events/events/2019-02-12-good-scientific-practices.qmd,Unknown word,"Sponholz"
events/events/2019-04-01-wissenschaftliches-arbeiten-medizin.qmd,Unknown word,"Mcleod"
events/events/2019-04-01-wissenschaftliches-arbeiten-medizin.qmd,Unknown word,"Qtaj"
events/events/2019-06-13-context-concerns-measures.qmd,Unknown word,"Transregio"
events/events/2019-06-13-context-concerns-measures.qmd,Unknown word,"Vilhuber"
events/events/2019-11-28-open-science-bottom-up.qmd,Unknown word,"Pettenkoferstraße"
events/events/2020-01-20-funding-options-requirements.qmd,Unknown word,"Dorner"
events/events/2020-01-20-funding-options-requirements.qmd,Unknown word,"Forschungs"
events/events/2020-01-29-open-science-discussion-journal-club.qmd,Unknown word,"Percie"
events/events/2020-01-29-open-science-discussion-journal-club.qmd,Unknown word,"Sert"
events/events/2020-01-29-open-science-discussion-journal-club.qmd,Unknown word,"Simonsohn"
events/events/2020-01-29-open-science-discussion-journal-club.qmd,Forbidden word,"Behaviour"
events/events/2020-02-05-harmonic-mean-chi-squared-test.qmd,Unknown word,"Carvedilol"
events/events/2020-05-14-corona-forschung-zuverlassigkeit.qmd,Unknown word,"Begutachtungsverfahren"
events/events/2020-05-14-corona-forschung-zuverlassigkeit.qmd,Unknown word,"zuverlassigkeit"
events/events/2020-07-02-open-science-sharing-practical.qmd,Unknown word,"Plensila"
events/events/2020-07-02-open-science-sharing-practical.qmd,Unknown word,"Ewout"
events/events/2021-04-29-clinical-studies-publication.qmd,Unknown word,"Transpari"
events/events/2021-06-01-philosophy-methodology-medicine.qmd,Unknown word,"Jurgen"
events/events/2021-06-01-philosophy-methodology-medicine.qmd,Unknown word,"emphasising"
events/events/2021-06-01-prediction-registration-replication.qmd,Unknown word,"vanced"
events/events/2021-11-10-reproducible-workflow-tools.qmd,Unknown word,"Zyga"
events/events/2021-11-10-reproducible-workflow-tools.qmd,Unknown word,"Hygar"
events/events/2021-11-10-reproducible-workflow-tools.qmd,Unknown word,"Teague"
events/events/2021-11-16-german-reproducibility-day.qmd,Unknown word,"Reproducibilty"
events/events/2022-03-08-wunsch-und-wirklichkeit.qmd,Unknown word,"Pseudonymisierung"
events/events/2022-03-08-wunsch-und-wirklichkeit.qmd,Unknown word,"BLAEK"
events/events/2022-06-20-paper-mills-fake-science-industrial.qmd,Unknown word,"Seifert"
events/events/2022-09-12-git-basic-training.qmd,Unknown word,"wlan"
events/events/2022-09-27-crash-course-open-science.qmd,Unknown word,"Forstmeier"
events/events/2023-02-10-forschungsdaten-datenschutz.qmd,Unknown word,"Reidentifizierungsrisiken"
events/events/2023-02-13-research-data-management-events.qmd,Unknown word,"Normdaten"
events/events/2023-02-13-research-data-management-events.qmd,Unknown word,"Fachcommunity"
events/events/2023-05-11-methodology-hypocrisy-psychology.qmd,Unknown word,"Popperian"
events/events/2023-05-11-methodology-hypocrisy-psychology.qmd,Unknown word,"Feynmanian"
events/events/2023-05-19-working-conditions-research-quality.qmd,Unknown word,"Rahul's"
events/events/2023-06-02-generalizability-crisis-statistics.qmd,Unknown word,"Yarkoni’s"
events/events/2023-06-23-theoretical-frameworks-psychology.qmd,Unknown word,"Muthukrishna"
events/events/2023-07-04-offene-wissenschaft-geisteswissenschaften.qmd,Unknown word,"Referatsleitung"
events/events/2023-07-19-reform-research-assessment.qmd,Unknown word,"Geschw"
events/events/2023-09-11-julia-scientific-computing.qmd,Forbidden word,"Centre"
events/events/2024-01-12-replication-crisis-positive.qmd,Unknown word,"inivite"
events/events/2024-02-06-robustheit-wissenschaft.qmd,Unknown word,"Goppel"
events/events/2024-03-14-transparency-preregistration-multiverse.qmd,Unknown word,"PNAS"
events/events/2024-03-15-multiverse-analysis-visualization-r.qmd,Unknown word,"Loken"
events/events/2024-03-15-multiverse-analysis-visualization-r.qmd,Unknown word,"Steegen"
events/events/2024-03-25-reproducible-manuscripts.qmd,Unknown word,"Sweave"
events/events/2024-04-30-fair-data-documentation-social-sci.qmd,Unknown word,"Katarina"
events/events/2024-04-30-fair-data-documentation-social-sci.qmd,Unknown word,"Blask"
events/events/2024-05-10-predatory-journals.qmd,Unknown word,"predatoryj"
events/events/2024-05-10-quality-scholarly-publishing-facets.qmd,Unknown word,"Lugner"
events/events/2024-05-10-quality-scholarly-publishing-facets.qmd,Unknown word,"Ginther"
events/events/2024-05-13-hype-and-reality.qmd,Unknown word,"Luisenstr"
events/events/2024-05-15-democratize-open-science-lmu.qmd,Unknown word,"Vrije"
events/events/2024-06-05-researcher-degrees-freedom.qmd,Unknown word,"Orgateams"
events/events/2024-06-19-praregistrierung.qmd,Unknown word,"Präregistrierung"
events/events/2024-07-03-prosozialitat-wissenschaft.qmd,Unknown word,"Prosozialität"
events/events/2024-09-09-lmu-open-science-summer-school.qmd,Unknown word,"Passy"
events/events/2024-09-09-lmu-open-science-summer-school.qmd,Unknown word,"Kleemeyer"
events/events/2024-09-09-lmu-open-science-summer-school.qmd,Unknown word,"Felso"
events/events/2024-09-09-lmu-open-science-summer-school.qmd,Unknown word,"Theuerkauf"
events/events/2024-09-09-lmu-open-science-summer-school.qmd,Unknown word,"Schoolis"
events/events/2024-10-28-metarep-replicability-social-behavioral.qmd,Unknown word,"Fidler"
events/events/2024-10-28-metarep-replicability-social-behavioral.qmd,Unknown word,"Daniël"
events/events/2024-11-22-statistics-limitations-replication-crisis.qmd,Unknown word,"Epix"
events/events/2024-11-22-statistics-limitations-replication-crisis.qmd,Unknown word,"EPIX"
events/events/2025-06-24-von-deal-zu-diamond.qmd,Unknown word,"Publikationssystem"
events/events/2025-06-24-von-deal-zu-diamond.qmd,Unknown word,"Fachcommunities"
events/events/2025-06-24-von-deal-zu-diamond.qmd,Unknown word,"resiliente"
events/events/2025-06-24-von-deal-zu-diamond.qmd,Unknown word,"symptomorientierter"
events/events/2025-07-21-helmholtz-open-science-strategy.qmd,Unknown word,"Theresienstr"
events/events/2025-08-07-data-rescue-hackathon.qmd,Unknown word,"LGBTQ"
events/events/2025-09-15-lmu-open-science-summer-school.qmd,Unknown word,"Beege"
events/events/2025-09-15-lmu-open-science-summer-school.qmd,Unknown word,"Schrade"
events/events/2026-02-09-love-data-week.qmd,Unknown word,"Recherchierens"
events/events/2026-02-09-love-data-week.qmd,Unknown word,"benennung"
events/events/2026-02-09-love-data-week.qmd,Unknown word,"Aldenhövel"
events/events/2026-02-09-love-data-week.qmd,Unknown word,"Mitterrutzner"
events/events/2026-02-09-love-data-week.qmd,Unknown word,"Wodke"
events/events/2026-03-02-love-replications-week.qmd,Unknown word,"Röseler"
events/events/2026-06-10-ospark-bootcamp.qmd,Unknown word,"ospark"
footer/accessibilty.qmd,Unknown word,"Martiusstraße"
footer/accessibilty.qmd,Unknown word,"Digitisation"
footer/accessibilty.qmd,Unknown word,"Alexandrastraße"
footer/imprint.qmd,Unknown word,"Tschöp"
footer/imprint.qmd,Unknown word,"Salvatorstraße"
news/_metadata.yml,Unknown word,"breadcrumnbs"
news/news/2017-11-16-osc-founded.qmd,Forbidden word,"Centre"
news/news/2018-06-25-fifteen-new-members.qmd,Unknown word,"imai"
news/news/2018-06-25-fifteen-new-members.qmd,Unknown word,"taisuke"
news/news/2020-11-02-berlin-parliament-open-science.qmd,Unknown word,"Czmiel"
news/news/2020-11-02-berlin-parliament-open-science.qmd,Unknown word,"TELOTA"
news/news/2020-11-02-berlin-parliament-open-science.qmd,Unknown word,"Horstmann"
news/news/2021-01-21-hochschulperle-election.qmd,Unknown word,"covid"
news/news/2021-02-01-german-reproducibility-network-launch.qmd,Forbidden word,"Centre"
news/news/2021-04-21-multiplicity-paper-published.qmd,Unknown word,"rsos"
news/news/2021-06-15-data-tracking-publishers.qmd,Unknown word,"Siems"
news/news/2021-11-21-stellenausschreibung-koordinator.qmd,Unknown word,"fakultätsübergreifende"
news/news/2021-11-21-stellenausschreibung-koordinator.qmd,Unknown word,"Organizationsfähigkeit"
news/news/2022-10-24-newsletter-october.qmd,Unknown word,"october"
news/news/2023-11-13-carpentries-instructor-training.qmd,Unknown word,"LGBTQIA"
news/news/2024-07-15-job-ad-scientific-coordinator.qmd,Unknown word,"inclusivity"
news/news/2024-07-15-stellenausschreibung-koordinator.qmd,Unknown word,"Pionierprojekt"
news/news/2024-07-15-stellenausschreibung-koordinator.qmd,Unknown word,"Inklusivität"
news/news/2025-01-08-eleven-strategies-reproducible-research.qmd,Unknown word,"Replizierbarkeit"
news/news/2025-05-15-bmc-open-research-report.qmd,Unknown word,"mitigatable"
news/news/2025-07-10-forrt-train-the-trainer-launch.qmd,Unknown word,"DEIA"
news/news/2025-07-10-forrt-train-the-trainer-launch.qmd,Unknown word,"Flavio"
news/news/2025-07-10-forrt-train-the-trainer-launch.qmd,Unknown word,"Azevedo"
news/news/2026-04-13-code-reproducibility-in-social-sciences-paper.qmd,Unknown word,"Schächtele"
partners/affiliate-institutional-members.qmd,Unknown word,"Geisteswisssenschaften"
partners/affiliate-institutional-members.qmd,Unknown word,"Verba"
partners/affiliate-institutional-members.qmd,Unknown word,"Alpina"
partners/affiliate-institutional-members.qmd,Unknown word,"geolinguistics"
partners/affiliate-institutional-members.qmd,Unknown word,"Raluca"
partners/affiliate-institutional-members.qmd,Unknown word,"Goron"
partners/external-partners.qmd,Unknown word,"bitss"
partners/external-partners.qmd,Unknown word,"mpdl"
partners/funding-institutional-members.qmd,Forbidden word,"Centre"
partners/funding-institutional-members.qmd,Unknown word,"DMDC"
partners/funding-institutional-members.qmd,Unknown word,"neuroimmunological"
partners/local-os-initiatives/hacky-hour.qmd,Unknown word,"removebg"
partners/local-os-initiatives/munich-rse.qmd,Unknown word,"Gerasimos"
partners/local-os-initiatives/munich-rse.qmd,Unknown word,"Chourdakis"
partners/local-os-initiatives/osis.qmd,Unknown word,"Martje"
partners/local-os-initiatives/osis.qmd,Unknown word,"oliver"
partners/local-os-initiatives/reproducibilitea.qmd,Unknown word,"Wiedemann"
people/people/adam-sorbie.qmd,Unknown word,"sorbie"
people/people/adam-sorbie.qmd,Unknown word,"adam"
people/people/alberto-villagran.qmd,Unknown word,"alberto"
people/people/alexander-wuttke.qmd,Unknown word,"wuttke"
people/people/alexander-wuttke.qmd,Unknown word,"alexander"
people/people/andreas-kruck.qmd,Unknown word,"kruck"
people/people/angelika-stefan.qmd,Unknown word,"angelika"
people/people/anna-carolina-haensch.qmd,Unknown word,"haensch"
people/people/anna-carolina-haensch.qmd,Unknown word,"carolina"
people/people/anna-sophie-kuempel.qmd,Unknown word,"kuempel"
people/people/anne-frenzel.qmd,Unknown word,"frenzel"
people/people/anne-kathrin-kleine.qmd,Unknown word,"kathrin"
people/people/annie-chan.qmd,Unknown word,"chan"
people/people/annie-chan.qmd,Unknown word,"annie"
people/people/annika-hoyer.qmd,Unknown word,"hoyer"
people/people/annika-hoyer.qmd,Unknown word,"annika"
people/people/anton-marx.qmd,Unknown word,"marx"
people/people/anton-marx.qmd,Unknown word,"anton"
people/people/antonia-misch.qmd,Unknown word,"antonia"
people/people/balthasar-schachtner.qmd,Unknown word,"schachtner"
people/people/balthasar-schachtner.qmd,Unknown word,"balthasar"
people/people/barbara-kovacic.qmd,Unknown word,"kovacic"
people/people/barbara-kovacic.qmd,Unknown word,"Pythonista"
people/people/belinda-platt.qmd,Unknown word,"belinda"
people/people/belinda-platt.qmd,Unknown word,"Vertretungs"
people/people/benedikt-ehrenwirth.qmd,Unknown word,"ehrenwirth"
people/people/benedikt-ehrenwirth.qmd,Unknown word,"benedikt"
people/people/bernd-bischl.qmd,Unknown word,"bischl"
people/people/bernd-bischl.qmd,Unknown word,"openml"
people/people/bernhard-goodwin.qmd,Unknown word,"bernhard"
people/people/caroline-zygar-hoffmann.qmd,Unknown word,"caroline"
people/people/carsten-schwemmer.qmd,Unknown word,"schwemmer"
people/people/caspar-schumacher.qmd,Unknown word,"schumacher"
people/people/caspar-schumacher.qmd,Unknown word,"caspar"
people/people/chelle-gentemann.qmd,Unknown word,"chelle"
people/people/christian-behrends.qmd,Unknown word,"behrends"
people/people/christian-behrends.qmd,Unknown word,"proteomics"
people/people/christian-behrends.qmd,Unknown word,"ubiquitin"
people/people/christian-mueller.qmd,Unknown word,"mueller"
people/people/christian-woll.qmd,Unknown word,"woll"
people/people/coretta-stefano.qmd,Unknown word,"coretta"
people/people/coretta-stefano.qmd,Unknown word,"stefano"
people/people/dieter-kranzlmueller.qmd,Unknown word,"kranzlmueller"
people/people/dietmar-zaefferer.qmd,Unknown word,"zaefferer"
people/people/dietmar-zaefferer.qmd,Unknown word,"Lera"
people/people/dietmar-zaefferer.qmd,Unknown word,"Boroditsky’s"
people/people/dietmar-zaefferer.qmd,Unknown word,"Whorfianism"
people/people/eckhard-wolf.qmd,Unknown word,"eckhard"
people/people/edouard-bonneville.qmd,Unknown word,"bonneville"
people/people/edouard-bonneville.qmd,Unknown word,"edouard"
people/people/elisabeth-vogl.qmd,Unknown word,"vogl"
people/people/elisabeth-vogl.qmd,Unknown word,"elisabeth"
people/people/elizabeth-waterfield.qmd,Unknown word,"elizabeth"
people/people/felix-schoenbrodt.qmd,Unknown word,"Mischkowski"
people/people/felix-schoenbrodt.qmd,Unknown word,"Phan"
people/people/felix-schoenbrodt.qmd,Unknown word,"Gervais"
people/people/felix-schoenbrodt.qmd,Unknown word,"Hilgard"
people/people/felix-schoenbrodt.qmd,Unknown word,"Psychonomic"
people/people/florian-pargent.qmd,Unknown word,"florian"
people/people/frank-fischer.qmd,Forbidden word,"Centre"
people/people/frauke-kreuter.qmd,Unknown word,"kreuter"
people/people/frauke-kreuter.qmd,Unknown word,"frauke"
people/people/gerrit-burkhardt.qmd,Unknown word,"burkhardt"
people/people/gert-woerheide.qmd,Unknown word,"Palaeontology"
people/people/giacomo-de-nicola.qmd,Unknown word,"nicola"
people/people/giacomo-de-nicola.qmd,Unknown word,"giacomo"
people/people/giacomo-de-nicola.qmd,Unknown word,"CODAG"
people/people/gitta-kutyniok.qmd,Unknown word,"kutyniok"
people/people/gitta-kutyniok.qmd,Unknown word,"gitta"
people/people/gitta-kutyniok.qmd,Unknown word,"neuromorphic"
people/people/hans-bernd-brosius.qmd,Unknown word,"brosius"
people/people/inga-koerte.qmd,Unknown word,"koerte"
people/people/inga-koerte.qmd,Unknown word,"inga"
people/people/joerg-renkawitz.qmd,Unknown word,"renkawitz"
people/people/joerg-renkawitz.qmd,Unknown word,"joerg"
people/people/joerg-renkawitz.qmd,Unknown word,"mechanobiology"
people/people/johan-duchene.qmd,Unknown word,"duchene"
people/people/johan-duchene.qmd,Unknown word,"johan"
people/people/johan-duchene.qmd,Unknown word,"IPEK"
people/people/judith-bopp.qmd,Unknown word,"bopp"
people/people/judith-zellner.qmd,Unknown word,"zellner"
people/people/juergen-landes.qmd,Unknown word,"landes"
people/people/juergen-landes.qmd,Unknown word,"juergen"
people/people/juliane-wilcke.qmd,Unknown word,"wilcke"
people/people/juliane-wilcke.qmd,Unknown word,"juliane"
people/people/justin-sulik.qmd,Unknown word,"sulik"
people/people/ksenia-shagal.qmd,Unknown word,"shagal"
people/people/ksenia-shagal.qmd,Unknown word,"ksenia"
people/people/ksenia-shagal.qmd,Unknown word,"Finno"
people/people/larissa-neumann.qmd,Unknown word,"larissa"
people/people/larissa-neumann.qmd,Unknown word,"OMOP"
people/people/laura-meier.qmd,Unknown word,"meier"
people/people/laura-seelkopf.qmd,Unknown word,"seelkopf"
people/people/leyla-larsson.qmd,Unknown word,"larsson"
people/people/leyla-larsson.qmd,Unknown word,"leyla"
people/people/malika-ihle.qmd,Unknown word,"UKRN"
people/people/malika-ihle.qmd,Unknown word,"Winney"
people/people/malika-ihle.qmd,Unknown word,"Krystalli"
people/people/malika-ihle.qmd,Unknown word,"Croucher"
people/people/malika-ihle.qmd,Unknown word,"Nakagawa"
people/people/malika-ihle.qmd,Unknown word,"Kohrs"
people/people/malika-ihle.qmd,Unknown word,"Kniffert"
people/people/marcel-neunhoeffer.qmd,Unknown word,"neunhoeffer"
people/people/maria-matveev.qmd,Unknown word,"matveev"
people/people/mario-haim.qmd,Unknown word,"haim"
people/people/marko-mijic.qmd,Unknown word,"mijic"
people/people/marko-mijic.qmd,Unknown word,"Baur"
people/people/marko-mijic.qmd,Unknown word,"interventional"
people/people/markus-buehner.qmd,Unknown word,"buehner"
people/people/markus-buehner.qmd,Unknown word,"mgwk"
people/people/markus-gebhardt.qmd,Unknown word,"gebhardt"
people/people/markus-herklotz.qmd,Unknown word,"herklotz"
people/people/markus-herklotz.qmd,Unknown word,"Consortiu"
people/people/markus-herklotz.qmd,Unknown word,"Assistan"
people/people/markus-maier.qmd,Unknown word,"maier"
people/people/markus-ploner.qmd,Unknown word,"ploner"
people/people/markus-ploner.qmd,Unknown word,"painlabmunich"
people/people/marlene-altenmueller.qmd,Unknown word,"marlene"
people/people/martin-wiehr.qmd,Unknown word,"wiehr"
people/people/mathias-twardawski.qmd,Unknown word,"twardawski"
people/people/mathias-twardawski.qmd,Unknown word,"mathias"
people/people/mathijs-vluegel.qmd,Unknown word,"mathijs"
people/people/mathijs-vluegel.qmd,Unknown word,"vluegel"
people/people/michael-lauseker.qmd,Unknown word,"lauseker"
people/people/moritz-heene.qmd,Unknown word,"heene"
people/people/moritz-schiltenwolf.qmd,Unknown word,"schiltenwolf"
people/people/niels-dingemanse.qmd,Forbidden word,"behaviour"
people/people/nikola-ebenbeck.qmd,Unknown word,"ebenbeck"
people/people/nikola-ebenbeck.qmd,Unknown word,"nikola"
people/people/pat-callahan.qmd,Unknown word,"ordinalsimr"
people/people/pat-callahan.qmd,Unknown word,"CRAN"
people/people/paul-cj-taylor.qmd,Unknown word,"taylor"
people/people/paul-cj-taylor.qmd,Unknown word,"CVBE"
people/people/paul-thurner.qmd,Unknown word,"thurner"
people/people/peter-edelsbrunner.qmd,Unknown word,"edelsbrunner"
people/people/peter-edelsbrunner.qmd,Unknown word,"unblinded"
people/people/po-chun-tseng.qmd,Unknown word,"tseng"
people/people/quirin-wuerschinger.qmd,Unknown word,"wuerschinger"
people/people/quirin-wuerschinger.qmd,Unknown word,"quirin"
people/people/ramona-schoedel.qmd,Unknown word,"schoedel"
people/people/ramona-schoedel.qmd,Unknown word,"ramona"
people/people/rebecca-sienel.qmd,Unknown word,"sienel"
people/people/rebecca-sienel.qmd,Unknown word,"rebecca"
people/people/reema-gupta.qmd,Unknown word,"gupta"
people/people/reema-gupta.qmd,Unknown word,"reema"
people/people/reema-gupta.qmd,Unknown word,"Neuroinformatics"
people/people/reka-kugyelka.qmd,Unknown word,"kugyelka"
people/people/reka-kugyelka.qmd,Unknown word,"reka"
people/people/richard-mcelreath.qmd,Unknown word,"richard"
people/people/richard-mcelreath.qmd,Unknown word,"mcelreath"
people/people/rusche-saskia.qmd,Unknown word,"rusche"
people/people/rusche-saskia.qmd,Unknown word,"saskia"
people/people/sara-lil-middleton.qmd,Unknown word,"sara"
people/people/sarah-von-grebmer-zu-wolfsthurn.qmd,Forbidden word,"Centre"
people/people/sarah-von-grebmer-zu-wolfsthurn.qmd,Unknown word,"grebmer"
people/people/sarah-von-grebmer-zu-wolfsthurn.qmd,Unknown word,"wolfsthurn"
people/people/sarah-von-grebmer-zu-wolfsthurn.qmd,Unknown word,"sarah"
people/people/sarah-von-grebmer-zu-wolfsthurn.qmd,Unknown word,"suffort"
people/people/sarah-von-grebmer-zu-wolfsthurn.qmd,Unknown word,"Skłodowska"
people/people/sarah-von-grebmer-zu-wolfsthurn.qmd,Unknown word,"neurolinguistics"
people/people/sarah-von-grebmer-zu-wolfsthurn.qmd,Unknown word,"sarahvongrebmer"
people/people/sarah-von-grebmer-zu-wolfsthurn.qmd,Unknown word,"bsky"
people/people/sarah-von-grebmer-zu-wolfsthurn.qmd,Unknown word,"linkedin"
people/people/sarah-von-grebmer-zu-wolfsthurn.qmd,Unknown word,"svongrebmer"
people/people/sonja-grath.qmd,Unknown word,"grath"
people/people/sonja-grath.qmd,Unknown word,"sonja"
people/people/sonja-grath.qmd,Unknown word,"methylation"
people/people/susanne-adler.qmd,Unknown word,"adler"
people/people/tanita-casci.qmd,Unknown word,"casci"
people/people/tejaswini-sharma.qmd,Unknown word,"tejaswini"
people/people/tejaswini-sharma.qmd,Unknown word,"sharma"
people/people/thomas-ehring.qmd,Unknown word,"ehring"
people/people/thomas-krefeld.qmd,Unknown word,"krefeld"
people/people/thomas-misgeld.qmd,Unknown word,"misgeld"
people/people/tom-ratz.qmd,Unknown word,"ratz"
people/people/ulrich-mansmann.qmd,Unknown word,"mansmann"
people/people/viktoria-wiegelmann.qmd,Unknown word,"viktoria"
people/people/xavier-fernandez-marin.qmd,Unknown word,"thrieve"
training/index.qmd,Unknown word,"edutoolkit"
training/research-cycle-handbook/01-plan-and-design.qmd,Unknown word,"openalex"
training/research-cycle-handbook/01-plan-and-design.qmd,Unknown word,"aspredicted"
training/research-cycle-handbook/01-plan-and-design.qmd,Unknown word,"rdmo"
training/research-cycle-handbook/01-plan-and-design.qmd,Unknown word,"covariables"
training/research-cycle-handbook/02-collect-and-manage.qmd,Unknown word,"elabftw"
training/research-cycle-handbook/02-collect-and-manage.qmd,Unknown word,"chemotion"
training/research-cycle-handbook/02-collect-and-manage.qmd,Unknown word,"prisma"
training/research-cycle-handbook/02-collect-and-manage.qmd,Unknown word,"camarades"
training/research-cycle-handbook/02-collect-and-manage.qmd,Unknown word,"Pseudonymized"
training/research-cycle-handbook/03-analyze-and-collaborate.qmd,Unknown word,"mybinder"
